[{
  "_id": {
    "$oid": "64c241087dc1e010891100ef"
  },
  "menu": [
    {
      "category": "Beverages",
      "items": [
        {
          "$oid": "64c2399985a26a78c29c1670"
        },
        {
          "$oid": "64c2399985a26a78c29c1673"
        },
        {
          "$oid": "64c2399985a26a78c29c1674"
        },
        {
          "$oid": "64d6731585a26a78c29c16e4"
        },
        {
          "$oid": "64d6731585a26a78c29c16e5"
        }
      ],
      "_id": {
        "$oid": "64c241087dc1e010891100f0"
      }
    },
    {
      "category": "Snacks",
      "items": [
        {
          "$oid": "64c2399985a26a78c29c1671"
        }
      ],
      "_id": {
        "$oid": "64c241087dc1e010891100f1"
      }
    },
    {
      "category": "Desserts",
      "items": [
        {
          "$oid": "64c2399985a26a78c29c1672"
        }
      ],
      "_id": {
        "$oid": "64c241087dc1e010891100f2"
      }
    }
  ],
  "restaurant": {
    "$oid": "64c110bd85a26a78c29c163d"
  },
  "__v": 0
},{
  "_id": {
    "$oid": "64d62a13e721ac0889f8f000"
  },
  "menu": [
    {
      "category": "Meals",
      "items": [
        {
          "$oid": "64c23a1185a26a78c29c1676"
        },
        {
          "$oid": "64c23a1185a26a78c29c1677"
        },
        {
          "$oid": "64c23a1185a26a78c29c1679"
        },
        {
          "$oid": "64c23a7e85a26a78c29c167b"
        },
        {
          "$oid": "64c23a7e85a26a78c29c167e"
        }
      ],
      "_id": {
        "$oid": "64d62a13e721ac0889f8f001"
      }
    },
    {
      "category": "Beverages",
      "items": [
        {
          "$oid": "64c23a7e85a26a78c29c167a"
        },
        {
          "$oid": "64d6731585a26a78c29c16e2"
        },
        {
          "$oid": "64d6731585a26a78c29c16e3"
        },
        {
          "$oid": "64d6731585a26a78c29c16e1"
        }
      ],
      "_id": {
        "$oid": "64d62a13e721ac0889f8f002"
      }
    }
  ],
  "restaurant": {
    "$oid": "64c110bd85a26a78c29c163f"
  },
  "__v": 0
},{
  "_id": {
    "$oid": "64d62ad6e721ac0889f8f10f"
  },
  "menu": [
    {
      "category": "Meals",
      "items": [
        {
          "$oid": "64c23a1185a26a78c29c1676"
        },
        {
          "$oid": "64c23a1185a26a78c29c1677"
        },
        {
          "$oid": "64c23a1185a26a78c29c1679"
        },
        {
          "$oid": "64c23a7e85a26a78c29c167b"
        },
        {
          "$oid": "64c23a7e85a26a78c29c167e"
        }
      ],
      "_id": {
        "$oid": "64d62ad6e721ac0889f8f110"
      }
    },
    {
      "category": "Beverages",
      "items": [
        {
          "$oid": "64c23a7e85a26a78c29c167a"
        },
        {
          "$oid": "64c2399985a26a78c29c1670"
        },
        {
          "$oid": "64c2399985a26a78c29c1673"
        },
        {
          "$oid": "64c23a1185a26a78c29c1675"
        }
      ],
      "_id": {
        "$oid": "64d62ad6e721ac0889f8f111"
      }
    }
  ],
  "restaurant": {
    "$oid": "64d23cd585a26a78c29c16b3"
  },
  "__v": 0
},{
  "_id": {
    "$oid": "64d67472e721ac0889f8f29e"
  },
  "menu": [
    {
      "category": "Pizza",
      "items": [
        {
          "$oid": "64d6731585a26a78c29c16e0"
        },
        {
          "$oid": "64d6731585a26a78c29c16df"
        },
        {
          "$oid": "64d6731585a26a78c29c16de"
        },
        {
          "$oid": "64d6731585a26a78c29c16dd"
        },
        {
          "$oid": "64d6584485a26a78c29c16d8"
        }
      ],
      "_id": {
        "$oid": "64d67472e721ac0889f8f29f"
      }
    },
    {
      "category": "Beverages",
      "items": [
        {
          "$oid": "64d6731585a26a78c29c16e4"
        },
        {
          "$oid": "64d6731585a26a78c29c16e5"
        },
        {
          "$oid": "64d6731585a26a78c29c16e3"
        },
        {
          "$oid": "64d6731585a26a78c29c16e2"
        },
        {
          "$oid": "64d6731585a26a78c29c16e1"
        }
      ],
      "_id": {
        "$oid": "64d67472e721ac0889f8f2a0"
      }
    },
    {
      "category": "Desserts",
      "items": [
        {
          "$oid": "64c23abf85a26a78c29c1682"
        },
        {
          "$oid": "64c23abf85a26a78c29c1683"
        },
        {
          "$oid": "64c23abf85a26a78c29c1681"
        },
        {
          "$oid": "64c23abf85a26a78c29c1680"
        },
        {
          "$oid": "64c23abf85a26a78c29c167f"
        }
      ]
    }
  ],
  "restaurant": {
    "$oid": "64c110bd85a26a78c29c1642"
  },
  "__v": 0
},{
  "_id": {
    "$oid": "64d6766ce721ac0889f8f642"
  },
  "menu": [
    {
      "category": "Beverages",
      "items": [
        {
          "$oid": "64d6731585a26a78c29c16e4"
        },
        {
          "$oid": "64d6731585a26a78c29c16e5"
        }
      ],
      "_id": {
        "$oid": "64d6766ce721ac0889f8f643"
      }
    }
  ],
  "restaurant": {
    "$oid": "64c110bd85a26a78c29c163d"
  },
  "__v": 0
},{
  "_id": {
    "$oid": "64d67799e721ac0889f8fa4c"
  },
  "menu": [
    {
      "category": "Desserts",
      "items": [
        {
          "$oid": "64c23abf85a26a78c29c1682"
        },
        {
          "$oid": "64c23abf85a26a78c29c1683"
        },
        {
          "$oid": "64c23abf85a26a78c29c1681"
        },
        {
          "$oid": "64c23abf85a26a78c29c1680"
        },
        {
          "$oid": "64c23abf85a26a78c29c167f"
        }
      ],
      "_id": {
        "$oid": "64d67799e721ac0889f8fa4d"
      }
    }
  ],
  "restaurant": {
    "$oid": "64c110bd85a26a78c29c1642"
  },
  "__v": 0
},{
  "_id": {
    "$oid": "64d68012e721ac0889f8fc23"
  },
  "menu": [
    {
      "category": "Sushi",
      "items": [
        {
          "$oid": "64d67e9585a26a78c29c16fa"
        },
        {
          "$oid": "64d67e9585a26a78c29c16f8"
        },
        {
          "$oid": "64d67e9585a26a78c29c16f9"
        },
        {
          "$oid": "64d67e9585a26a78c29c16f7"
        }
      ],
      "_id": {
        "$oid": "64d68012e721ac0889f8fc24"
      }
    },
    {
      "category": "Beverages",
      "items": [
        {
          "$oid": "64d6731585a26a78c29c16e4"
        },
        {
          "$oid": "64d6731585a26a78c29c16e5"
        },
        {
          "$oid": "64d6731585a26a78c29c16e3"
        },
        {
          "$oid": "64d6731585a26a78c29c16e2"
        },
        {
          "$oid": "64d6731585a26a78c29c16e1"
        }
      ],
      "_id": {
        "$oid": "64d68013e721ac0889f8fc25"
      }
    }
  ],
  "restaurant": {
    "$oid": "64c110bd85a26a78c29c1641"
  },
  "__v": 0
},{
  "_id": {
    "$oid": "64d6811ee721ac0889f8fce6"
  },
  "menu": [
    {
      "category": "Meals",
      "items": [
        {
          "$oid": "64c23a1185a26a78c29c1676"
        },
        {
          "$oid": "64c23a1185a26a78c29c1677"
        },
        {
          "$oid": "64c23a1185a26a78c29c1679"
        },
        {
          "$oid": "64c23a7e85a26a78c29c167b"
        },
        {
          "$oid": "64c23a7e85a26a78c29c167e"
        }
      ],
      "_id": {
        "$oid": "64d6811ee721ac0889f8fce7"
      }
    },
    {
      "category": "Beverages",
      "items": [
        {
          "$oid": "64d6731585a26a78c29c16e4"
        },
        {
          "$oid": "64d6731585a26a78c29c16e5"
        },
        {
          "$oid": "64d6731585a26a78c29c16e3"
        },
        {
          "$oid": "64d6731585a26a78c29c16e2"
        },
        {
          "$oid": "64d6731585a26a78c29c16e1"
        }
      ],
      "_id": {
        "$oid": "64d6811ee721ac0889f8fce8"
      }
    }
  ],
  "restaurant": {
    "$oid": "64c110bd85a26a78c29c1644"
  },
  "__v": 0
},{
  "_id": {
    "$oid": "64d685afe721ac0889f8fdb7"
  },
  "menu": [
    {
      "category": "Beverages",
      "items": [
        {
          "$oid": "64d6855485a26a78c29c16ff"
        },
        {
          "$oid": "64d6855485a26a78c29c1700"
        },
        {
          "$oid": "64d6855485a26a78c29c1701"
        },
        {
          "$oid": "64d6855485a26a78c29c1702"
        }
      ],
      "_id": {
        "$oid": "64d685afe721ac0889f8fdb8"
      }
    }
  ],
  "restaurant": {
    "$oid": "64c110bd85a26a78c29c1643"
  },
  "__v": 0
},{
  "_id": {
    "$oid": "64d68845e721ac0889f8feb4"
  },
  "menu": [
    {
      "category": "Pizza",
      "items": [
        {
          "$oid": "64d6584485a26a78c29c16d8"
        },
        {
          "$oid": "64d6731585a26a78c29c16dd"
        },
        {
          "$oid": "64d6731585a26a78c29c16de"
        },
        {
          "$oid": "64d6731585a26a78c29c16df"
        },
        {
          "$oid": "64d6731585a26a78c29c16e0"
        }
      ],
      "_id": {
        "$oid": "64d68845e721ac0889f8feb5"
      }
    },
    {
      "category": "Beverages",
      "items": [
        {
          "$oid": "64d6731585a26a78c29c16e1"
        },
        {
          "$oid": "64d6731585a26a78c29c16e2"
        },
        {
          "$oid": "64d6731585a26a78c29c16e3"
        },
        {
          "$oid": "64d6731585a26a78c29c16e4"
        },
        {
          "$oid": "64d6731585a26a78c29c16e5"
        }
      ],
      "_id": {
        "$oid": "64d68845e721ac0889f8feb6"
      }
    }
  ],
  "restaurant": {
    "$oid": "64c110bd85a26a78c29c1640"
  },
  "__v": 0
}]